{
  "users": [
    {
      "id": 1,
      "name": "Myra"
    },
    {
      "name": "Marguerite Reynolds",
      "id": 2
    },
    {
      "name": "Elsie Price",
      "id": 3
    },
    {
      "name": "Harold Strosin",
      "id": 4
    },
    {
      "name": "Blake Schmitt",
      "id": 5
    },
    {
      "name": "Mrs. June Rolfson",
      "id": 6
    },
    {
      "name": "Albert Terry",
      "id": 7
    },
    {
      "name": "Wm Beahan",
      "id": 8
    },
    {
      "name": "Leona Balistreri",
      "id": 9
    },
    {
      "name": "Bridget Hettinger",
      "id": 10
    }
  ],
  "albums": [],
  "photos": []
}