{
  "users": [
    {
      "id": 1,
      "name": "Myra"
    },
    {
      "name": "Elsie Price",
      "id": 3
    },
    {
      "name": "Harold Strosin",
      "id": 4
    },
    {
      "name": "Mr. Juana King",
      "id": 5
    }
  ],
  "albums": [
    {
      "userId": 1,
      "title": "Practical Steel Mouse",
      "id": 15
    },
    {
      "userId": 1,
      "title": "Oriental Rubber Chair",
      "id": 16
    },
    {
      "userId": 1,
      "title": "Rustic Fresh Soap",
      "id": 17
    }
  ],
  "photos": []
}